{
  "generator-jhipster": {
    "applicationType": "microservice",
    "gitCompany": "",
    "baseName": "Mail",
    "packageName": "com.transsion.microservice.mail",
    "packageFolder": "com/transsion/microservice/mail",
    "serverPort": 8086,
    "serviceDiscoveryType": "eureka",
    "authenticationType": "jwt",
    "uaaBaseName": "../uaa",
    "cacheProvider": "hazelcast",
    "enableHibernateCache": true,
    "websocket": false,
    "databaseType": "sql",
    "devDatabaseType": "mysql",
    "prodDatabaseType": "mysql",
    "searchEngine": false,
    "enableSwaggerCodegen": false,
    "messageBroker": false,
    "buildTool": "maven",
    "useSass": true,
    "clientPackageManager": "npm",
    "testFrameworks": [],
    "enableTranslation": true,
    "nativeLanguage": "en",
    "languages": ["en"],
    "clientFramework": "angularX",
    "jhiPrefix": "jhi",
    "jhipsterVersion": "6.8.0",
    "jwtSecretKey": "MjQ5NWE1ODYzODZjYWZhZjc4ZjgzYTRhMmMwNTRmM2M2NTQwNzRiY2FkMTkxN2UxOWUxMzJjZDdkYmRkZDJkZjMzNTMzZDU2MTlmYjlkZjcyNGQzMWY2M2Q0NGIzNjI3OWJiMjQ3NWRjNmQ2ODFhNDFlZDg2MzZlOWZjNDJjMWY=",
    "embeddableLaunchScript": false,
    "creationTimestamp": 1584078154539,
    "entitySuffix": "",
    "dtoSuffix": "DTO",
    "otherModules": [],
    "blueprints": [],
    "skipClient": true,
    "skipUserManagement": true
  }
}
